index,filename,width,height,bytes
1,IMG_0390.PNG,1290,2796,613232
2,IMG_0391.PNG,1290,2796,649498
3,IMG_0392.PNG,1290,2796,604246
4,IMG_0393.PNG,1290,2796,668953
5,IMG_0394.PNG,1290,2796,678317
6,IMG_0395.PNG,1290,2796,664609
7,IMG_0396.PNG,1290,2796,640463
8,IMG_0397.PNG,1290,2796,917227
9,IMG_0398.PNG,1290,2796,877003
10,IMG_0399.PNG,1290,2796,985930
11,IMG_0400.PNG,1290,2796,517685
12,IMG_0401.PNG,1290,2796,493233
13,IMG_0402.PNG,1290,2796,594813
14,IMG_0403.PNG,1290,2796,562674
15,IMG_0404.PNG,1290,2796,901741
16,IMG_0405.PNG,1290,2796,1075129
17,IMG_0406.PNG,1290,2796,344699
18,IMG_0407.PNG,1290,2796,416246
19,IMG_0408.PNG,1290,2796,564145
20,IMG_0409.PNG,1290,2796,440117
21,IMG_0410.PNG,1290,2796,568445
22,IMG_0411.PNG,1290,2796,461168
23,IMG_0412.PNG,1290,2796,437580
24,IMG_0413.PNG,1290,2796,603752
25,IMG_0414.PNG,1290,2796,501498
26,IMG_0415.PNG,1290,2796,490879
27,IMG_0416.PNG,1290,2796,489632
28,IMG_0417.PNG,1290,2796,400940
29,IMG_0418.PNG,1290,2796,449869
30,IMG_0419.PNG,1290,2796,435351
31,IMG_0420.PNG,1290,2796,437104
32,IMG_0421.PNG,1290,2796,459053
33,IMG_0422.PNG,1290,2796,274366
34,IMG_0423.PNG,1290,2796,282007
35,IMG_0424.PNG,1290,2796,311633
36,IMG_0425.PNG,1290,2796,312266
37,IMG_0426.PNG,1290,2796,299784
38,IMG_0427.PNG,1290,2796,300498
39,IMG_0428.PNG,1290,2796,210426
40,IMG_0429.PNG,1290,2796,212287
41,IMG_0430.PNG,1290,2796,208691
42,IMG_0431.PNG,1290,2796,219844
43,IMG_0432.PNG,1290,2796,317222
44,IMG_0433.PNG,1290,2796,458371
45,IMG_0434.PNG,1290,2796,394418
46,IMG_0436.PNG,1290,2796,178632
47,IMG_0437.PNG,1290,2796,306553
48,IMG_0438.PNG,1290,2796,295189
49,IMG_0439.PNG,1290,2796,294840
50,IMG_0440.PNG,1290,2796,194111
51,IMG_0441.PNG,1290,2796,193423
52,IMG_0442.PNG,1290,2796,194653
53,IMG_0443.PNG,1290,2796,301357
54,IMG_0444.PNG,1290,2796,204079
55,IMG_0445.PNG,1290,2796,217353
56,IMG_0446.PNG,1290,2796,219843
57,IMG_0447.PNG,1290,2796,181948
58,IMG_0448.PNG,1290,2796,183618
59,IMG_0449.PNG,1290,2796,182298
60,IMG_0450.PNG,1290,2796,181105
61,IMG_0451.PNG,1290,2796,182014
62,IMG_0452.PNG,1290,2796,202600
63,IMG_0453.PNG,1290,2796,202278
64,IMG_0454.PNG,1290,2796,203506
65,IMG_0455.PNG,1290,2796,182923
66,IMG_0456.PNG,1290,2796,186411
67,IMG_0457.PNG,1290,2796,185639
68,IMG_0458.PNG,1290,2796,185041
69,IMG_0459.PNG,1290,2796,206311
70,IMG_0460.PNG,1290,2796,204878
71,IMG_0461.PNG,1290,2796,204920
72,IMG_0462.PNG,1290,2796,197984
73,IMG_0463.PNG,1290,2796,197995
74,IMG_0465.PNG,1290,2796,186239
75,IMG_0466.PNG,1290,2796,182564
76,IMG_0467.PNG,1290,2796,181880
77,IMG_0468.PNG,1290,2796,183209
78,IMG_0469.PNG,1290,2796,203076
79,IMG_0470.PNG,1290,2796,202355
80,IMG_0471.PNG,1290,2796,204289
81,IMG_0472.PNG,1290,2796,194832
82,IMG_0473.PNG,1290,2796,179510
83,IMG_0474.PNG,1290,2796,179866
84,IMG_0475.PNG,1290,2796,201288
85,IMG_0476.PNG,1290,2796,193266
86,IMG_0477.PNG,1290,2796,181504
87,IMG_0478.PNG,1290,2796,190651
88,IMG_0479.PNG,1290,2796,2031659
89,IMG_0480.PNG,1290,2796,313724
90,IMG_0481.PNG,1290,2796,301177
91,IMG_0482.PNG,1290,2796,308782
92,IMG_0483.PNG,1290,2796,281051
93,IMG_0484.PNG,1290,2796,342420
94,IMG_0485.PNG,1290,2796,379804
95,IMG_0486.PNG,1290,2796,388300
96,IMG_0487.PNG,1290,2796,371576
97,IMG_0488.PNG,1290,2796,325413
98,IMG_0489.PNG,1290,2796,356134
99,IMG_0490.PNG,1290,2796,455410
100,IMG_0491.PNG,1290,2796,453655
101,IMG_0492.PNG,1290,2796,449412
102,IMG_0493.PNG,1290,2796,449859
103,IMG_0494.PNG,1290,2796,399977
